"First Name","Last Name",Address,Phone,"Membership Type"
Kevin,Mann,"92129 Douglas Rest
Ernestochester, IL 90263-4061","+1 (480) 908-0348",1
Violet,Fisher,"9527 Goyette Courts
Port Angelicafurt, CT 11680-1120",623.906.7974,2
Vivian,Mills,"98968 Scotty Extensions Apt. 596
Aileenstad, RI 72842-5859",781.548.1920,3
River,Runolfsdottir,"596 Adriana Stravenue Apt. 030
Shawnahaven, LA 35043-2908",1-386-446-7038,2
Deshawn,Spinka,"3303 Donnelly Greens
Abbottville, NC 97923","(515) 256-9779",1
Justina,Rogahn,"7624 Virginie Park Suite 434
Leschchester, MT 38757-7858",+1.872.890.0320,3
Kristina,Konopelski,"84783 Destiney Forks
New Dane, MI 04727",+14248665785,1
Joanny,Okuneva,"73041 Ibrahim Walk
Jairoton, OK 94091-3511",1-774-495-9587,3
Teresa,Hammes,"630 Mitchell Inlet Suite 079
Port Elaina, MI 46050-8439",+1-682-596-1321,3
Frederik,Denesik,"2593 Yadira Vista Suite 247
East Georgianna, LA 38335",302-297-1316,3
Jarrod,Huel,"8231 Bradtke Street Suite 430
Heathcoteberg, WA 71723-5146",662-557-7486,2
Charlie,Bernier,"62101 Grant Spring Suite 711
South Verla, SD 95724",+1.562.686.4575,3
Marlin,Champlin,"3737 Adolphus Ridge Suite 992
East Cristian, NH 09460","+1 (336) 584-5569",3
Sierra,Kovacek,"68654 Kiel Centers Apt. 059
New Narciso, RI 68081-7949","(346) 531-6539",3
Verla,Corkery,"94033 Connelly Fall
Tyshawnburgh, WY 65438",+1-310-394-2431,3
Murl,Dickens,"155 D'Amore Mills
Homenickton, RI 74025-0667","+1 (929) 803-2404",3
Nellie,O'Reilly,"772 Miles Roads
Wuckerthaven, CO 01909",425-980-2399,2
Lyric,Beer,"255 Maya Squares Suite 177
Nolanside, PA 78010-5534",385.206.3090,3
Ag,Balistreri,"88681 Stokes GroveWest Eloyview, VT 94418-7344","(347) 652-2166",2
